beds,baths,size,size_units,lot_size,lot_size_units,zip_code,price
4,3,3120,sqft,9750,sqft,98144,1670000
4,2,2280,sqft,0.25,acre,98168,625000
4,2.5,2180,sqft,6099,sqft,98115,1275000
3,3.5,1679,sqft,1,acre,98126,689000
2,1.5,900,sqft,900,sqft,98105,568000
3,2.5,1566,sqft,1602,sqft,98122,875000
2,4.5,1840,sqft,1500,sqft,98103,1049000
1,3,1730,sqft,5500,sqft,98118,750000
4,3,2680,sqft,6402,sqft,98115,2100000
4,2,2240,sqft,0.31,acre,98106,915000
4,3,2370,sqft,3880,sqft,98115,1830000
4,2,2640,sqft,8385,sqft,98168,780000
3,3.5,1820,sqft,1101,sqft,98122,1250000
3,3.5,1846,sqft,2250,sqft,98107,1170000
3,3.5,2188,sqft,4920,sqft,98112,1700000
4,3,2340,sqft,5023,sqft,98108,780000
3,2,1098,sqft,2320,sqft,98105,864950
7,3.5,4530,sqft,5047,sqft,98103,2950000
4,2,2480,sqft,5996,sqft,98122,825000
1,1,580,sqft,4657,sqft,98102,395000
3,2.5,1810,sqft,1436,sqft,98107,1000000
3,1,970,sqft,0.28,acre,98146,515000
4,3.5,2285,sqft,1792,sqft,98116,1500000
3,2,2080,sqft,6769,sqft,98108,800000
3,2,1731,sqft,7514,sqft,98125,575000
4,3.5,3220,sqft,6250,sqft,98199,2195000
1,1,800,sqft,,,98122,450000
4,3.5,3240,sqft,5600,sqft,98105,2675000
3,1.5,2560,sqft,6150,sqft,98118,720000
3,2.5,1515,sqft,1563,sqft,98102,905000
1,1,806,sqft,,,98102,525000
1,1,683,sqft,0.29,acre,98119,450500
2,1,650,sqft,3780,sqft,98103,708888
2,2,693,sqft,,,98119,480000
3,2,1350,sqft,1055,sqft,98103,785000
2,2,1199,sqft,1.06,acre,98117,375000
4,3.5,2910,sqft,4000,sqft,98144,1865000
2,2,1400,sqft,3060,sqft,98115,530000
4,2.5,2980,sqft,3618,sqft,98125,1445000
4,2.5,3198,sqft,5000,sqft,98103,1712000
3,2,2100,sqft,7800,sqft,98168,510000
1,1,794,sqft,,,98121,660000
3,3.5,1670,sqft,905,sqft,98107,1115000
5,3,3070,sqft,3400,sqft,98117,1450000
1,1,700,sqft,0.41,acre,98119,405000
5,4.5,5210,sqft,6772,sqft,98122,3320000
4,2,2900,sqft,4700,sqft,98144,1275000
1,1,956,sqft,,,98104,870000
4,3,2040,sqft,5000,sqft,98117,1410000
1,1,690,sqft,4000,sqft,98117,560000
2,1,985,sqft,,,98121,790000
3,2,1960,sqft,5000,sqft,98105,950000
2,3,1073,sqft,2.71,acre,98133,429900
3,3,1410,sqft,826,sqft,98107,865000
1,1,670,sqft,6000,sqft,98133,460000
1,1,529,sqft,,,98118,265000
3,3,2080,sqft,2486,sqft,98108,762000
5,3.5,3200,sqft,9260,sqft,98133,1275000
2,2,1415,sqft,,,98125,445000
3,2.5,1810,sqft,6925,sqft,98125,922000
4,2,3542,sqft,5000,sqft,98144,1150000
4,3.5,3240,sqft,4680,sqft,98112,1995000
2,2,1200,sqft,1247,sqft,98122,705000
4,3.5,3180,sqft,3375,sqft,98122,2485000
3,2,1300,sqft,2997,sqft,98144,778000
1,1,696,sqft,0.41,acre,98119,400000
3,2,1096,sqft,1,acre,98117,875000
5,3,2550,sqft,6604,sqft,98106,940000
4,3,3335,sqft,6000,sqft,98115,1325000
4,2,1900,sqft,5350,sqft,98118,670000
3,2,1080,sqft,5750,sqft,98116,875000
4,3,1180,sqft,4650,sqft,98117,956300
4,3.5,1909,sqft,1544,sqft,98103,1500000
3,2,2029,sqft,,,98115,685000
3,2.5,2529,sqft,3000,sqft,98122,1650000
2,2,1242,sqft,742,sqft,98122,769950
3,2.5,2860,sqft,4500,sqft,98126,1630000
4,2,1830,sqft,9920,sqft,98146,535000
3,2,1870,sqft,4000,sqft,98136,849000
3,3,1660,sqft,625,sqft,98118,795000
1,1,792,sqft,,,98121,675000
2,1,770,sqft,5250,sqft,98133,530000
5,2,2180,sqft,8100,sqft,98122,950000
2,1,770,sqft,5569,sqft,98115,640000
1,1,475,sqft,,,98121,385000
3,3,2380,sqft,6172,sqft,98199,1385000
2,1,970,sqft,5130,sqft,98116,600000
2,2,932,sqft,,,98103,435000
3,1.5,1172,sqft,5760,sqft,98122,685000
1,1,513,sqft,,,98121,315000
3,3,3120,sqft,5996,sqft,98199,1350000
3,1.5,1590,sqft,3797,sqft,98108,700000
2,1,1011,sqft,0.24,acre,98103,159488
5,3,3060,sqft,7006,sqft,98118,889000
2,2,1217,sqft,,,98199,787950
5,2.5,3350,sqft,8317,sqft,98126,1275000
2,1,810,sqft,6400,sqft,98146,435000
3,3.5,3105,sqft,2557,sqft,98112,2250000
4,2,2630,sqft,8750,sqft,98115,1350000
2,1.5,889,sqft,0.23,acre,98103,680000
1,1,648,sqft,,,98121,395000
1,1,712,sqft,,,98133,325000
3,3.5,1580,sqft,,,98144,760000
6,3.5,3785,sqft,5150,sqft,98117,3150000
2,2,1213,sqft,,,98117,422000
4,2.5,2390,sqft,3570,sqft,98115,1350000
3,3.5,2024,sqft,1694,sqft,98107,1200000
3,4.5,3760,sqft,7000,sqft,98199,1570000
1,1,861,sqft,9600,sqft,98126,405000
1,1,699,sqft,,,98199,390000
3,1.5,1420,sqft,6009,sqft,98117,980000
5,3,3750,sqft,5000,sqft,98107,1580000
3,2,1770,sqft,5100,sqft,98118,660000
3,3.5,1370,sqft,1125,sqft,98133,619000
4,3,2297,sqft,7200,sqft,98178,783000
2,2,1390,sqft,8509,sqft,98116,954500
3,2.5,1860,sqft,7992,sqft,98136,1050000
4,2,1750,sqft,4950,sqft,98105,1025000
5,2,2260,sqft,3848,sqft,98117,865000
2,4.5,1670,sqft,905,sqft,98107,1115000
1,1,706,sqft,0.46,acre,98116,520000
4,1.5,1630,sqft,7182,sqft,98133,734950
4,3.5,3050,sqft,6146,sqft,98102,2250000
1,1,519,sqft,,,98105,354000
2,1.5,938,sqft,,,98106,425000
3,1,1090,sqft,0.31,acre,98178,400000
3,2,2180,sqft,3740,sqft,98117,1012000
3,3,1410,sqft,1316,sqft,98103,1200000
3,2,2040,sqft,4000,sqft,98144,695000
2,2,1510,sqft,7200,sqft,98105,915000
3,3.5,1740,sqft,2061,sqft,98122,840000
3,2,1600,sqft,8640,sqft,98117,877500
4,2,2787,sqft,6011,sqft,98122,1207000
2,1,858,sqft,,,98144,500000
4,1.5,2380,sqft,5500,sqft,98117,937000
3,2,1400,sqft,1281,sqft,98117,780000
3,2,1425,sqft,759,sqft,98117,750000
2,2,1019,sqft,,,98119,813000
3,1,1170,sqft,8100,sqft,98133,825000
3,2,2020,sqft,8120,sqft,98125,950000
3,3.5,1352,sqft,1680,sqft,98115,886000
2,2,2220,sqft,5950,sqft,98126,551000
3,1,890,sqft,5200,sqft,98126,575000
3,2,2760,sqft,5195,sqft,98119,1256000
2,2,1332,sqft,1101,sqft,98199,845000
5,4.5,5704,sqft,7200,sqft,98119,4000000
3,2,1330,sqft,1539,sqft,98122,680000
3,1,2130,sqft,3710,sqft,98117,850000
2,2,1110,sqft,1650,sqft,98103,689000
3,2,1680,sqft,6000,sqft,98136,910000
2,1,1330,sqft,7425,sqft,98125,479000
4,3.5,2520,sqft,3821,sqft,98199,1765000
1,1,603,sqft,,,98121,432000
4,3.5,2440,sqft,7200,sqft,98125,1185000
3,2,1460,sqft,5005,sqft,98106,583000
2,1,990,sqft,3844,sqft,98133,474000
2,1,2530,sqft,5000,sqft,98122,700000
5,4.5,3370,sqft,5100,sqft,98117,1975000
2,1,1010,sqft,6750,sqft,98125,549950
3,4,2400,sqft,5563,sqft,98122,1460000
4,3,2311,sqft,6048,sqft,98115,1211000
4,2,1595,sqft,5500,sqft,98118,525000
2,2,1150,sqft,,,98121,615000
3,2.5,2570,sqft,0.28,acre,98118,1175000
2,2,1720,sqft,5000,sqft,98116,985000
3,1,1210,sqft,6000,sqft,98119,795000
4,1,1150,sqft,5665,sqft,98118,575000
4,2,1630,sqft,4982,sqft,98116,942000
2,1,1040,sqft,6103,sqft,98133,350000
5,3.5,2610,sqft,3623,sqft,98118,915000
3,3.5,1240,sqft,1164,sqft,98116,690000
2,2,1170,sqft,588,sqft,98144,624999
3,1.5,2230,sqft,3500,sqft,98117,1075000
2,1,780,sqft,3060,sqft,98103,750000
4,3.5,3360,sqft,6000,sqft,98136,1575000
4,3.5,2478,sqft,2761,sqft,98115,1580000
4,2,2280,sqft,8000,sqft,98168,640000
2,2,1018,sqft,,,98199,545000
5,2,2660,sqft,6400,sqft,98136,1125000
2,1.5,2280,sqft,4000,sqft,98144,650000
3,2,1210,sqft,1374,sqft,98103,875000
2,1.5,1022,sqft,,,98144,655000
6,6,1780,sqft,7900,sqft,98168,733500
1,1,641,sqft,,,98122,349000
3,3.5,1590,sqft,1314,sqft,98144,899000
3,2,1580,sqft,6400,sqft,98126,942000
5,3,3556,sqft,6120,sqft,98115,2250000
2,1.5,1070,sqft,1569,sqft,98103,849950
5,3.5,5090,sqft,0.27,acre,98102,4325000
2,2,1196,sqft,780,sqft,98107,734999
2,2,1040,sqft,6800,sqft,98133,625000
5,4,3180,sqft,3400,sqft,98105,2100000
2,2,979,sqft,0.32,acre,98199,470000
6,7,4260,sqft,3600,sqft,98119,2300000
4,3,2560,sqft,9956,sqft,98115,890000
3,2,1360,sqft,7680,sqft,98125,830000
4,1,2080,sqft,4845,sqft,98117,800000
6,2,2230,sqft,5300,sqft,98118,700000
3,1,3960,sqft,0.25,acre,98118,722500
2,1,691,sqft,1,acre,98102,998000
3,2,2170,sqft,7920,sqft,98178,560000
3,2,1425,sqft,729,sqft,98117,759999
3,3.5,2010,sqft,2208,sqft,98117,1111111
2,1,1440,sqft,,,98133,699990
2,2,1106,sqft,,,98109,700000
4,2.5,2500,sqft,8760,sqft,98146,577000
3,2,1880,sqft,1751,sqft,98122,955000
3,2,2060,sqft,5280,sqft,98126,756110
3,2,2209,sqft,2734,sqft,98115,715000
2,2,1523,sqft,,,98121,1395000
2,1,770,sqft,5772,sqft,98106,490000
2,1.5,984,sqft,,,98116,499999
2,2,982,sqft,,,98122,705000
4,3,2430,sqft,9500,sqft,98146,520000
1,1,474,sqft,,,98101,335000
2,2,1570,sqft,3060,sqft,98103,849000
2,1.5,917,sqft,,,98103,625000
3,4,2360,sqft,5080,sqft,98115,1325000
2,1,830,sqft,6600,sqft,98177,645000
3,2.5,1718,sqft,1268,sqft,98117,900000
4,2.5,2240,sqft,5229,sqft,98117,1050000
2,3.5,2080,sqft,1412,sqft,98103,1495000
2,2,1297,sqft,,,98109,880000
1,1,626,sqft,,,98122,389200
4,3.5,2780,sqft,4000,sqft,98112,950000
2,2,1288,sqft,5365,sqft,98133,755000
2,2,1200,sqft,1247,sqft,98122,705000
1,1,854,sqft,,,98107,455000
3,2,2520,sqft,4000,sqft,98115,1050000
2,1,1370,sqft,6084,sqft,98119,1000000
3,2,2980,sqft,5800,sqft,98115,1415000
3,3,1660,sqft,7650,sqft,98117,1200000
4,2,2080,sqft,3850,sqft,98105,975000
4,2,2100,sqft,3600,sqft,98116,1225000
4,1,1190,sqft,7320,sqft,98106,463900
1,1,1113,sqft,9830,sqft,98102,595000
4,3.5,3040,sqft,0.39,acre,98177,1495000
3,1.5,1540,sqft,8505,sqft,98178,535000
1,1,712,sqft,,,98121,620000
4,3,2840,sqft,4550,sqft,98122,1399990
3,2,2190,sqft,5000,sqft,98106,840000
3,3.5,1840,sqft,1312,sqft,98117,1025000
2,2,1320,sqft,,,98119,860000
2,2,1437,sqft,1085,sqft,98122,969950
1,1,610,sqft,,,98101,679950
4,2.5,2172,sqft,3431,sqft,98105,975000
5,3,2370,sqft,5292,sqft,98118,800000
3,2,2092,sqft,,,98102,2000000
2,2,1526,sqft,,,98199,893000
2,2,1760,sqft,6150,sqft,98108,750000
4,4,2850,sqft,4900,sqft,98105,1755000
2,1.5,1088,sqft,1518,sqft,98106,590000
3,1.5,1730,sqft,5000,sqft,98115,870000
3,2,2817,sqft,6375,sqft,98103,912000
2,4,1291,sqft,1361,sqft,98116,800500
4,2,2100,sqft,4864,sqft,98117,950000
3,2,1500,sqft,5750,sqft,98136,770000
3,2,2299,sqft,6022,sqft,98199,1435000
3,2.5,1763,sqft,2498,sqft,98117,1125000
2,1,980,sqft,2226,sqft,98144,598000
3,1,2280,sqft,6900,sqft,98116,1005000
2,2,1456,sqft,,,98199,575000
1,1,698,sqft,,,98121,399999
2,2,1167,sqft,,,98107,650000
2,1.5,1810,sqft,6827,sqft,98115,925000
4,2.5,1544,sqft,1562,sqft,98117,889000
4,2,2080,sqft,7200,sqft,98178,675000
4,2.5,1806,sqft,5000,sqft,98118,745000
3,3.5,1710,sqft,1728,sqft,98126,699000
3,2.5,1512,sqft,1041,sqft,98144,760000
4,2,1710,sqft,9660,sqft,98118,685000
4,2,3040,sqft,5272,sqft,98199,1665500
2,2,1885,sqft,,,98115,550000
2,1,875,sqft,,,98115,355000
2,2,1131,sqft,0.43,acre,98103,470000
1,1,681,sqft,,,98105,470000
2,2,1080,sqft,1175,sqft,98106,533500
2,2,1699,sqft,,,98109,640000
2,2,1479,sqft,,,98116,640000
4,2,2600,sqft,4224,sqft,98117,1098500
4,2,1170,sqft,9216,sqft,98178,390000
1,1,704,sqft,,,98119,365000
5,3,2310,sqft,4011,sqft,98106,780000
2,1.5,1978,sqft,5000,sqft,98118,858000
2,2.5,1169,sqft,1092,sqft,98117,615000
4,3,3410,sqft,7389,sqft,98144,1850000
2,1.5,1690,sqft,5027,sqft,98118,779000
4,3.5,2950,sqft,5000,sqft,98105,1800000
4,2.5,1850,sqft,2856,sqft,98108,945000
4,2,1500,sqft,4471,sqft,98133,947000
2,1,1250,sqft,4500,sqft,98118,500000
4,1.5,2080,sqft,5000,sqft,98116,950000
4,2,2340,sqft,9500,sqft,98178,699000
2,2,2735,sqft,0.3,acre,98121,871000
2,2,871,sqft,0.29,acre,98119,430000
3,1,1010,sqft,7100,sqft,98178,475000
3,2.5,1610,sqft,1426,sqft,98199,840000
5,2,2640,sqft,2950,sqft,98122,1000000
1,1,613,sqft,,,98122,325000
1,1,717,sqft,0.27,acre,98109,425000
6,4,3280,sqft,5650,sqft,98118,999950
4,3,2481,sqft,8297,sqft,98115,999000
3,2.5,1420,sqft,2929,sqft,98108,750000
4,1.5,1740,sqft,9205,sqft,98146,649950
3,3.5,1410,sqft,1478,sqft,98117,740000
3,2,1939,sqft,0.31,acre,98109,1070000
3,1.5,1307,sqft,1362,sqft,98125,650000
2,2,1112,sqft,1484,sqft,98177,675000
4,4.5,3228,sqft,3600,sqft,98119,2050000
1,1,573,sqft,,,98121,310000
2,2,843,sqft,,,98103,346250
5,2.5,3960,sqft,7680,sqft,98199,1850000
3,2.5,1060,sqft,1124,sqft,98117,765000
4,3.5,2970,sqft,3751,sqft,98103,2080000
2,2,1400,sqft,802,sqft,98199,850000
2,2.5,1048,sqft,834,sqft,98112,899000
3,3,1280,sqft,2600,sqft,98103,900000
4,3,2668,sqft,5589,sqft,98116,1213000
3,2.5,1604,sqft,1040,sqft,98144,760000
1,1,525,sqft,,,98103,375000
3,2.5,1386,sqft,1065,sqft,98107,999950
1,1,831,sqft,0.7,acre,98136,480000
1,1,376,sqft,0.23,acre,98199,1000000
5,3.5,3310,sqft,2943,sqft,98102,1637500
3,3,2650,sqft,8612,sqft,98105,1600000
1,1,615,sqft,,,98102,485000
3,2,1670,sqft,8573,sqft,98146,620000
2,1,1760,sqft,4625,sqft,98116,715000
4,3.5,4006,sqft,5000,sqft,98199,2940000
3,2,1700,sqft,3220,sqft,98118,999999
5,3.5,3270,sqft,4080,sqft,98115,2000000
5,3,2140,sqft,7244,sqft,98125,850000
4,3.5,3495,sqft,4080,sqft,98144,2000000
1,1,883,sqft,,,98119,500000
1,1,748,sqft,0.26,acre,98122,499000
1,1,776,sqft,1.09,acre,98116,515000
2,2,1146,sqft,1,acre,98116,675000
4,3.5,2600,sqft,4101,sqft,98108,1060000
5,3,2430,sqft,7812,sqft,98133,915000
4,3.5,3487,sqft,9500,sqft,98136,2010000
4,2.5,2400,sqft,3200,sqft,98109,1595000
3,2.5,1890,sqft,1097,sqft,98144,699000
3,2,1370,sqft,0.5,acre,98112,910000
3,2,1900,sqft,6957,sqft,98199,1299000
3,2.5,1681,sqft,3.97,acre,98126,610000
3,3.5,3064,sqft,,,98121,2450000
2,2,1187,sqft,1093,sqft,98115,750000
2,2,1170,sqft,,,98115,428000
5,3,2550,sqft,9192,sqft,98125,1450000
4,2,1720,sqft,4242,sqft,98118,705000
3,2.5,1820,sqft,4.05,acre,98118,690000
3,3,2546,sqft,3600,sqft,98109,1810000
3,2.5,1550,sqft,7089,sqft,98116,1350000
4,2,1550,sqft,6000,sqft,98103,1325000
4,2.5,2720,sqft,8000,sqft,98136,1315000
4,3.5,3190,sqft,4305,sqft,98107,2130000
3,3,1120,sqft,4800,sqft,98168,525000
1,2,1517,sqft,0.32,acre,98105,1350000
3,1,1600,sqft,3600,sqft,98119,1023000
3,1.5,2200,sqft,4800,sqft,98117,860000
3,2.5,2740,sqft,4800,sqft,98117,1375000
4,2,2160,sqft,4000,sqft,98122,1400000
2,2.5,1459,sqft,887,sqft,98103,665000
4,2,1640,sqft,4400,sqft,98136,730000
3,2,2930,sqft,0.7,acre,98146,775000
2,2,1420,sqft,1232,sqft,98107,690000
2,2,1523,sqft,864,sqft,98125,639950
5,4,2734,sqft,3774,sqft,98115,1300000
2,2,1201,sqft,720,sqft,98103,699950
4,4,2555,sqft,4000,sqft,98105,1500000
4,3,2940,sqft,4000,sqft,98126,1250000
4,2.5,1530,sqft,3060,sqft,98146,675000
1,1,723,sqft,,,98133,315000
3,2.5,2650,sqft,7548,sqft,98136,1112000
3,2,1730,sqft,8421,sqft,98125,910000
3,3.5,1820,sqft,1099,sqft,98122,1125000
3,2.5,1810,sqft,1436,sqft,98107,1000000
4,5,2030,sqft,5124,sqft,98106,700000
1,1,600,sqft,,,98122,310000
4,1.5,3200,sqft,5508,sqft,98117,1290000
3,3,1440,sqft,5300,sqft,98144,1050000
2,2,1570,sqft,3250,sqft,98103,715000
4,3,3300,sqft,7700,sqft,98199,1995000
1,1,954,sqft,,,98101,555000
4,2,2540,sqft,4700,sqft,98107,1280000
1,1,843,sqft,,,98125,370000
2,2,1332,sqft,1101,sqft,98199,845000
2,2,1190,sqft,1,acre,98107,740000
4,3,2480,sqft,4000,sqft,98103,1605000
3,2.5,2783,sqft,7206,sqft,98199,1640000
3,2,1496,sqft,1,acre,98144,824500
5,3.5,4180,sqft,4080,sqft,98109,3000000
2,2,1280,sqft,3000,sqft,98112,776000
4,3,2110,sqft,7680,sqft,98115,1180000
2,2,1003,sqft,,,98121,875000
4,3,2120,sqft,7721,sqft,98126,920000
2,1,773,sqft,0.25,acre,98133,360000
9,5,3590,sqft,4680,sqft,98117,1100400
1,1,621,sqft,0.31,acre,98133,289900
2,2,1595,sqft,,,98119,945000
2,1,792,sqft,,,98102,520000
3,2.5,1970,sqft,2109,sqft,98103,715000
2,1,720,sqft,6693,sqft,98117,545000
1,1.5,952,sqft,,,98101,750000
4,2,2370,sqft,8775,sqft,98125,1125000
2,2,2360,sqft,5800,sqft,98199,1460000
3,3,2560,sqft,2500,sqft,98112,1300000
1,1,543,sqft,,,98109,390000
6,6,3488,sqft,2388,sqft,98103,1225000
3,2,1640,sqft,5100,sqft,98136,900000
5,2,2800,sqft,6250,sqft,98103,1200000
2,1.5,994,sqft,1494,sqft,98106,580000
3,2,1650,sqft,5075,sqft,98126,750000
5,2,2160,sqft,7620,sqft,98106,795000
2,1,910,sqft,2000,sqft,98117,800000
1,1,781,sqft,,,98122,481000
1,1,515,sqft,1.31,acre,98109,387000
4,2,2140,sqft,6250,sqft,98199,1150000
2,2,880,sqft,,,98103,614500
3,2.5,1530,sqft,1482,sqft,98126,899999
1,1,743,sqft,,,98102,522250
4,2,2440,sqft,4002,sqft,98144,1116000
2,1,980,sqft,3200,sqft,98112,800000
4,2,1440,sqft,4560,sqft,98126,760000
3,2,1300,sqft,3914,sqft,98199,1100000
4,3.5,2015,sqft,1886,sqft,98116,1240000
4,2,2080,sqft,7740,sqft,98106,750000
3,2.5,1670,sqft,1687,sqft,98117,865000
1,1,620,sqft,,,98119,399000
3,1,2180,sqft,0.25,acre,98125,720000
3,3,1700,sqft,6882,sqft,98136,1275000
3,1,970,sqft,8160,sqft,98177,625000
3,2,2140,sqft,9290,sqft,98133,925000
1,1,568,sqft,,,98104,330000
4,5.5,3100,sqft,9450,sqft,98125,1375000
1,1,590,sqft,1549,sqft,98106,435000
2,2,1415,sqft,6.4,acre,98125,449000
3,3.5,1467,sqft,,,98144,859990
5,3,2510,sqft,5130,sqft,98103,910000
4,3,1890,sqft,1097,sqft,98144,699000
1,1,680,sqft,,,98104,355000
4,2,1810,sqft,5100,sqft,98117,945000
5,3,3120,sqft,7865,sqft,98178,795000
15,6,11010,sqft,0.33,acre,98112,3700000
2,2,1440,sqft,8100,sqft,98168,390000
4,3.5,2840,sqft,4000,sqft,98108,925000
2,2.5,994,sqft,1388,sqft,98136,670000
4,3,2660,sqft,5100,sqft,98117,1360000
3,2,1860,sqft,3400,sqft,98105,1165000
5,3,2020,sqft,6000,sqft,98119,899000
3,1,1780,sqft,5000,sqft,98144,975000
3,2,1684,sqft,1395,sqft,98117,870000
3,2,1060,sqft,8910,sqft,98106,575000
4,1.5,1300,sqft,4080,sqft,98122,975000
6,3.5,2430,sqft,5580,sqft,98108,870000
3,2,1422,sqft,1405,sqft,98117,780000
3,1.5,1520,sqft,7150,sqft,98146,720000
1,1,718,sqft,,,98119,459000
2,2.5,1160,sqft,1332,sqft,98103,850000
3,1.5,2160,sqft,5080,sqft,98117,915000
2,2.5,1580,sqft,0.31,acre,98178,1790000
1,1,627,sqft,,,98121,462750
1,2.5,2220,sqft,2519,sqft,98103,1200000
2,2,1370,sqft,,,98168,280000
3,1.5,1390,sqft,9350,sqft,98168,412000
1,1,703,sqft,,,98103,498000
2,1,749,sqft,,,98103,489000
1,1,587,sqft,,,98125,260000
2,1,1180,sqft,1560,sqft,98122,677000
4,4.5,4790,sqft,5000,sqft,98144,1750000
3,2.5,1350,sqft,662,sqft,98119,899000
2,1,720,sqft,4240,sqft,98106,525000
2,2,1170,sqft,0.42,acre,98112,655000
3,2.5,1380,sqft,1550,sqft,98115,613000
3,2,1996,sqft,4656,sqft,98117,986500
1,1,907,sqft,,,98119,585000
3,2.5,2490,sqft,5757,sqft,98103,935625
2,2,1040,sqft,,,98118,345000
3,2.5,1220,sqft,1095,sqft,98109,900000
2,1,1800,sqft,2613,sqft,98105,25000000
2,2,875,sqft,898,sqft,98116,625000
2,2,1252,sqft,,,98121,1349000
2,1,770,sqft,4672,sqft,98106,560000
2,2.5,1305,sqft,2044,sqft,98116,770000
1,1,807,sqft,,,98122,380000
4,2.5,1560,sqft,2400,sqft,98144,1110000
3,1.5,1280,sqft,4000,sqft,98144,750000
4,4,2300,sqft,3589,sqft,98105,1440000
5,3,2580,sqft,4462,sqft,98109,1500000
4,2,2352,sqft,4000,sqft,98107,1295000
3,2,1560,sqft,5056,sqft,98116,965000
3,1.5,1880,sqft,6194,sqft,98118,489000
3,2,2950,sqft,5350,sqft,98199,1500000
1,1,700,sqft,,,98122,647201
1,1,574,sqft,1.17,acre,98109,280000
4,2,2640,sqft,3840,sqft,98122,700000
4,1.5,1810,sqft,9998,sqft,98133,764000
3,2,1770,sqft,7242,sqft,98168,500000
4,2.5,3080,sqft,9300,sqft,98168,650000
3,1,990,sqft,8100,sqft,98146,635000
1,1,653,sqft,,,98122,475000
1,1,480,sqft,560,sqft,98109,275000
2,2,866,sqft,649,sqft,98107,555000
3,3,1940,sqft,5000,sqft,98199,450000
4,3,1780,sqft,5005,sqft,98117,1184000
2,3,920,sqft,675,sqft,98107,690000
4,3,1540,sqft,3060,sqft,98105,1108000
3,1,830,sqft,7800,sqft,98125,660000
2,2.5,1865,sqft,,,98109,890000
2,1.5,1670,sqft,5500,sqft,98117,1025000
3,1.5,1710,sqft,1250,sqft,98122,1000000
4,3,3800,sqft,5175,sqft,98199,1950000
1,1,617,sqft,0.49,acre,98109,480000
4,3.5,3956,sqft,0.29,acre,98125,3200000
1,1,583,sqft,0.29,acre,98119,349000
4,2,2000,sqft,8077,sqft,98125,907200
4,2,2080,sqft,5250,sqft,98116,1098000
2,1,1770,sqft,4800,sqft,98103,926000
5,5,3810,sqft,0.32,acre,98177,1180000
4,3,2900,sqft,7500,sqft,98136,1175000
3,2,1440,sqft,6120,sqft,98115,935000
2,2,1371,sqft,5480,sqft,98116,1295000
3,2,1799,sqft,1471,sqft,98103,940000
2,1,1019,sqft,,,98107,640000
5,3.5,3340,sqft,0.24,acre,98106,980000
5,3,2040,sqft,6180,sqft,98118,605000
4,3.5,2000,sqft,1532,sqft,98115,870000
2,1,1110,sqft,5413,sqft,98125,820000
2,1,770,sqft,5896,sqft,98126,560000
3,3.5,1450,sqft,1020,sqft,98115,835000
3,2,1580,sqft,6396,sqft,98126,820000
2,2,1147,sqft,564,sqft,98115,749950
2,2,1403,sqft,,,98125,480000
5,3,2610,sqft,2550,sqft,98109,1795000
2,2,1015,sqft,2.02,acre,98115,468000
2,2.5,1635,sqft,,,98102,1850000
3,1,1220,sqft,5000,sqft,98107,750000
2,2,905,sqft,,,98121,670000
5,3.5,5020,sqft,5880,sqft,98126,1550000
2,2,1120,sqft,1168,sqft,98126,789500
2,1.5,1127,sqft,5500,sqft,98102,1008000
3,2,2320,sqft,4000,sqft,98115,880000
2,2.5,2714,sqft,,,98102,1735000
2,2.5,1086,sqft,2068,sqft,98115,884950
2,1,1460,sqft,5700,sqft,98115,400000
3,2.5,1320,sqft,1396,sqft,98117,835000
2,2,1367,sqft,,,98121,1350000
1,1,434,sqft,6600,sqft,98102,345000
2,2,1761,sqft,9.2,acre,98115,665000
2,2,1350,sqft,4590,sqft,98117,960000
2,1,860,sqft,4000,sqft,98178,480000
3,2,924,sqft,0.26,acre,98126,422000
2,2,1071,sqft,1.54,acre,98119,605000
2,2,693,sqft,,,98119,490000
2,2,1370,sqft,,,98117,500000
2,1,1180,sqft,,,98122,870260
1,1,956,sqft,5480,sqft,98104,870000
2,2,1174,sqft,800,sqft,98109,779000
2,2,1620,sqft,3090,sqft,98103,835000
2,1,1015,sqft,,,98102,650000
2,2,1128,sqft,6000,sqft,98144,625000
2,1,1350,sqft,6500,sqft,98126,850000
3,3.5,1150,sqft,1199,sqft,98103,625000
2,2,1081,sqft,,,98144,620000
4,2,1670,sqft,7260,sqft,98106,650000
4,3,2970,sqft,7350,sqft,98118,720000
4,2.5,1890,sqft,3000,sqft,98178,668000
2,3,1140,sqft,650,sqft,98144,675000
3,2.5,2340,sqft,8000,sqft,98177,1900000
2,1,770,sqft,,,98116,460000
4,1,1310,sqft,6000,sqft,98146,735000
1,2,1250,sqft,5183,sqft,98116,160000
2,1,680,sqft,8382,sqft,98146,565000
3,2,1720,sqft,5000,sqft,98199,855000
4,3,2230,sqft,9625,sqft,98178,1205000
3,2,1900,sqft,4000,sqft,98112,1766000
1,1,696,sqft,4.27,acre,98115,305000
5,2,2740,sqft,2850,sqft,98103,1175000
3,1.5,2170,sqft,3000,sqft,98109,1250000
3,2,1237,sqft,4760,sqft,98106,747250
4,3.5,2661,sqft,4081,sqft,98108,1165000
4,3,2840,sqft,9996,sqft,98177,1350000
3,2.5,2220,sqft,3060,sqft,98117,1167500
3,1.5,1920,sqft,6300,sqft,98133,865000
2,1.5,1180,sqft,0.25,acre,98168,575000
3,2,2702,sqft,6600,sqft,98103,1605000
3,2,2020,sqft,5525,sqft,98117,1625000
2,1.5,1260,sqft,3858,sqft,98118,715000
3,2,2740,sqft,5000,sqft,98144,1278500
2,2,1042,sqft,,,98101,639000
3,2,1680,sqft,5000,sqft,98199,1087500
5,1.5,2830,sqft,4000,sqft,98118,766000
4,3.5,2031,sqft,1,acre,98117,1480000
5,2.5,3500,sqft,0.33,acre,98146,875000
3,2.5,1760,sqft,1143,sqft,98136,850000
5,3,1900,sqft,8160,sqft,98118,895000
3,2,1596,sqft,0.64,acre,98105,505000
3,2,1719,sqft,1056,sqft,98103,1160000
1,1,650,sqft,,,98121,468000
3,2,2020,sqft,6397,sqft,98117,840000
5,4,4490,sqft,5220,sqft,98122,1150000
3,3.5,3290,sqft,7338,sqft,98126,1400000
1,1,460,sqft,8094,sqft,98108,1250000
2,1,1010,sqft,0.34,acre,98125,870000
1,1,630,sqft,0.4,acre,98109,439900
3,3.5,1500,sqft,1274,sqft,98118,598800
3,1,1390,sqft,3090,sqft,98144,850000
4,1.5,1940,sqft,8778,sqft,98118,520000
2,2.5,950,sqft,1748,sqft,98107,695000
4,2.5,2760,sqft,6001,sqft,98178,640000
2,2.5,1475,sqft,3753,sqft,98103,945000
5,3.5,2387,sqft,5445,sqft,98133,1125000
2,1,770,sqft,6501,sqft,98125,620000
2,1.5,912,sqft,1,acre,98103,819980
2,2,1261,sqft,978,sqft,98125,625000
3,2,1370,sqft,3060,sqft,98103,1270000
2,2,1470,sqft,7443,sqft,98125,707000
4,4,3360,sqft,5000,sqft,98107,1200000
2,2,950,sqft,0.68,acre,98106,395000
1,1,570,sqft,,,98116,345000
1,1,578,sqft,,,98121,379000
3,3,1480,sqft,9127,sqft,98117,729000
2,2,724,sqft,5400,sqft,98103,430000
4,5,2390,sqft,6156,sqft,98117,1500000
1,1,492,sqft,,,98146,205000
5,2.5,3090,sqft,6161,sqft,98105,1600000
1,1,557,sqft,,,98105,222000
2,2,1443,sqft,,,98168,325000
1,1,616,sqft,,,98102,374000
2,2,1320,sqft,,,98125,525000
2,1,767,sqft,,,98136,349950
4,2,2660,sqft,5243,sqft,98115,1357000
5,2,1920,sqft,4173,sqft,98118,739000
1,1,646,sqft,,,98133,332000
3,2,1900,sqft,6093,sqft,98115,965000
2,3,2943,sqft,3.06,acre,98105,1650000
4,1,1470,sqft,8520,sqft,98125,699999
3,1.5,2460,sqft,0.35,acre,98115,1150000
3,2,2440,sqft,2700,sqft,98103,1000000
4,2.5,2280,sqft,3932,sqft,98106,1065000
2,2,1057,sqft,0.28,acre,98105,599900
4,2,2352,sqft,5000,sqft,98199,1450000
3,4.5,2140,sqft,3314,sqft,98109,1835000
2,1,1980,sqft,2295,sqft,98144,699950
4,3.5,3070,sqft,5016,sqft,98144,1900000
2,2,880,sqft,0.23,acre,98126,680000
5,3,2820,sqft,7707,sqft,98117,1550000
4,2.5,1880,sqft,3300,sqft,98117,1050000
4,3,2470,sqft,0.29,acre,98115,1180000
2,1,800,sqft,6946,sqft,98125,550000
2,2.5,1103,sqft,5500,sqft,98107,780000
4,3.5,3018,sqft,3600,sqft,98103,1795000
9,4,3800,sqft,6000,sqft,98116,1343000
2,3.5,990,sqft,0.86,acre,98178,405000
3,2,2370,sqft,4865,sqft,98126,1200000
3,1,1177,sqft,6150,sqft,98126,650000
4,3,1700,sqft,7320,sqft,98146,649000
1,1,584,sqft,,,98199,411000
1,1,636,sqft,,,98102,450000
3,2.5,2120,sqft,5120,sqft,98122,1365000
2,1,1140,sqft,4920,sqft,98106,528000
3,2.5,2730,sqft,3000,sqft,98122,1199000
2,2.5,1048,sqft,1048,sqft,98115,760000
4,2,1470,sqft,4000,sqft,98118,460000
4,2.5,1822,sqft,1500,sqft,98199,1033000
3,3,2630,sqft,3755,sqft,98115,1130000
2,2,1004,sqft,,,98125,325000
5,3.5,3880,sqft,6000,sqft,98112,2975000
3,3.5,1930,sqft,6000,sqft,98125,600000
3,2.5,1500,sqft,8240,sqft,98105,860000
1,1,600,sqft,,,98112,370000
2,2,1042,sqft,,,98102,950000
3,1,1240,sqft,4842,sqft,98118,531000
3,3,1790,sqft,7080,sqft,98109,1325000
2,2,1188,sqft,0.43,acre,98119,450000
2,2,1170,sqft,588,sqft,98144,644999
2,1.5,1580,sqft,6120,sqft,98115,1300000
2,2,881,sqft,6000,sqft,98103,550000
3,2.5,1570,sqft,1342,sqft,98103,700000
6,5.5,4299,sqft,6867,sqft,98115,3300000
5,3.5,3400,sqft,4560,sqft,98109,3340000
1,1,627,sqft,,,98121,475000
3,2.5,3590,sqft,4250,sqft,98103,1725000
2,2,1365,sqft,770,sqft,98122,799000
1,1,665,sqft,,,98109,479425
1,1,672,sqft,0.54,acre,98107,464000
1,1,630,sqft,4895,sqft,98133,255000
2,3,1226,sqft,,,98144,589990
3,3,1420,sqft,6037,sqft,98115,950000
5,3.5,3710,sqft,5259,sqft,98199,2525000
3,2.5,1815,sqft,1500,sqft,98103,1295000
3,2.5,2500,sqft,4305,sqft,98117,1685000
5,3,2170,sqft,7500,sqft,98178,775000
5,4,2920,sqft,6323,sqft,98133,948000
2,2.5,996,sqft,2450,sqft,98122,799000
8,4,3136,sqft,8636,sqft,98146,1005000
3,2,2250,sqft,8030,sqft,98105,2080000
3,2,2260,sqft,6000,sqft,98199,1300000
4,3,2466,sqft,6030,sqft,98115,1299000
2,2,1030,sqft,7200,sqft,98125,826500
3,3.5,2899,sqft,5346,sqft,98199,1800000
4,2,2037,sqft,3326,sqft,98119,1247500
1,1,664,sqft,,,98102,322000
2,2,1761,sqft,,,98115,665000
2,1,1120,sqft,1188,sqft,98122,700000
3,1,1430,sqft,0.37,acre,98168,499800
3,1,1070,sqft,6535,sqft,98168,515000
4,3,1900,sqft,2256,sqft,98103,1150000
2,3,1300,sqft,915,sqft,98107,780000
2,2,839,sqft,0.53,acre,98125,385000
3,2,1960,sqft,6138,sqft,98115,900000
2,1,990,sqft,4800,sqft,98108,455000
3,2.5,1580,sqft,1372,sqft,98103,1095000
3,1,1050,sqft,3750,sqft,98106,399950
2,2,1248,sqft,912,sqft,98122,890955
3,1.5,2220,sqft,6270,sqft,98115,930000
4,2,1680,sqft,2600,sqft,98107,930000
2,2,1391,sqft,1049,sqft,98115,672500
4,1.5,2100,sqft,6532,sqft,98199,875000
4,2,1160,sqft,4224,sqft,98103,710000
3,2,1380,sqft,8580,sqft,98125,775000
1,1,820,sqft,0.31,acre,98121,590000
3,3.5,1968,sqft,1498,sqft,98199,980000
3,3.5,1360,sqft,1248,sqft,98103,700000
4,1.5,3260,sqft,5568,sqft,98199,1695000
3,2.5,1926,sqft,1483,sqft,98122,1148000
2,2.5,867,sqft,1753,sqft,98115,679000
1,1,720,sqft,,,98126,365000
4,2,1780,sqft,5000,sqft,98117,1181500
3,2,1960,sqft,4400,sqft,98199,955000
2,1,980,sqft,4100,sqft,98107,863000
1,1,656,sqft,,,98109,470000
2,1,1047,sqft,,,98102,762500
5,3.5,4510,sqft,6000,sqft,98105,3150000
2,2,1106,sqft,0.29,acre,98109,1470000
4,2.5,2250,sqft,7650,sqft,98106,924900
2,3,1780,sqft,2240,sqft,98133,720000
2,1,900,sqft,6030,sqft,98168,409050
4,2,1460,sqft,5000,sqft,98116,787500
3,2,1480,sqft,5000,sqft,98116,780000
2,2,1560,sqft,6750,sqft,98115,980000
2,2,1810,sqft,,,98119,1350000
2,2.5,1580,sqft,5000,sqft,98106,699000
4,1,1810,sqft,5073,sqft,98126,655500
3,2,2900,sqft,3800,sqft,98199,1305000
3,2,2140,sqft,7200,sqft,98115,918000
4,3.5,2852,sqft,3178,sqft,98102,1715000
4,2.5,1812,sqft,1632,sqft,98136,825000
3,2.5,2090,sqft,5000,sqft,98108,820000
2,2.5,1250,sqft,1027,sqft,98117,725000
3,2,1290,sqft,2700,sqft,98144,925000
2,2,1140,sqft,1045,sqft,98103,850000
3,3.5,1657,sqft,,,98144,847198
4,1.5,2640,sqft,7440,sqft,98115,1850000
2,2,981,sqft,,,98133,450000
4,1,1340,sqft,6000,sqft,98144,685000
2,2,2470,sqft,4800,sqft,98102,1525000
2,2,909,sqft,,,98103,420000
1,1,640,sqft,0.35,acre,98104,345000
4,2,1641,sqft,6122,sqft,98118,538800
4,5.5,3530,sqft,0.44,acre,98118,1550000
1,1,683,sqft,,,98101,679000
3,2,1840,sqft,3432,sqft,98115,865000
4,2,3220,sqft,7800,sqft,98177,2000000
3,2.5,1390,sqft,1570,sqft,98126,575000
2,2,2353,sqft,8750,sqft,98116,1160000
3,2.5,1620,sqft,7500,sqft,98106,875100
3,2.5,2600,sqft,8023,sqft,98136,1475000
4,2,2680,sqft,6035,sqft,98177,950000
4,2,1700,sqft,8001,sqft,98125,891000
3,2,2284,sqft,6395,sqft,98136,850000
2,1.5,900,sqft,1,acre,98133,549755
1,1,573,sqft,,,98102,390000
2,2,1192,sqft,928,sqft,98103,719950
2,2,1400,sqft,0.34,acre,98199,699950
4,2,2880,sqft,5000,sqft,98103,1485000
2,2.5,1365,sqft,,,98118,525000
2,1,1027,sqft,1.83,acre,98115,300000
2,2.5,1470,sqft,780,sqft,98103,885000
4,4,3142,sqft,6000,sqft,98119,1600000
3,1,1220,sqft,5850,sqft,98116,680000
5,1.5,2560,sqft,5200,sqft,98199,1330000
3,2,1590,sqft,910,sqft,98117,910000
4,3.5,2270,sqft,2500,sqft,98146,710000
5,4.5,2840,sqft,3200,sqft,98112,500000
5,3,2820,sqft,6250,sqft,98136,900000
3,1.5,1610,sqft,4000,sqft,98122,1106000
3,2.5,1712,sqft,1514,sqft,98107,970000
1,1,854,sqft,,,98103,540000
3,1,1530,sqft,0.31,acre,98146,435000
5,2,2567,sqft,4995,sqft,98144,1550000
2,1,1440,sqft,7080,sqft,98146,488000
4,1.5,1920,sqft,0.24,acre,98125,850000
4,2,2400,sqft,5400,sqft,98119,1385000
4,2.5,2360,sqft,5725,sqft,98199,1750000
3,2,1620,sqft,3840,sqft,98117,675000
2,2.5,890,sqft,,,98146,510000
2,5.5,2659,sqft,0.52,acre,98102,6250000
3,3.5,3130,sqft,0.28,acre,98105,2350000
3,2,1940,sqft,4850,sqft,98107,895000
3,2.5,1940,sqft,2880,sqft,98118,1140000
3,3.5,1762,sqft,1494,sqft,98102,1000000
4,1,2290,sqft,2703,sqft,98103,905000
2,2,1245,sqft,,,98168,330000
3,3,1630,sqft,6721,sqft,98168,615000
1,1,508,sqft,,,98109,325000
2,1.5,901,sqft,4800,sqft,98107,599000
3,1.5,1720,sqft,3825,sqft,98117,825000
3,2,2350,sqft,4400,sqft,98122,1140000
3,1,1270,sqft,7140,sqft,98117,1050000
1,1,700,sqft,,,98119,405000
3,2.5,1681,sqft,3.97,acre,98126,650000
7,4,2300,sqft,2920,sqft,98122,1095000
5,3.5,3310,sqft,6328,sqft,98115,1575000
3,2,2370,sqft,4400,sqft,98119,1180000
4,2.5,1600,sqft,2336,sqft,98105,699000
1,1,635,sqft,,,98121,380000
4,2,1800,sqft,7455,sqft,98117,1100000
1,1,727,sqft,5250,sqft,98103,445000
1,1,712,sqft,,,98116,500000
3,3,1872,sqft,2475,sqft,98107,1050000
4,2,1820,sqft,5600,sqft,98117,760000
5,3.5,3160,sqft,6200,sqft,98112,2300000
2,1,968,sqft,,,98115,399950
4,2,2010,sqft,4275,sqft,98115,1100000
4,2,1488,sqft,3920,sqft,98115,750000
3,2.5,1690,sqft,1733,sqft,98108,760000
2,2,1131,sqft,6018,sqft,98116,575000
4,2.5,3840,sqft,1.2,acre,98177,2195000
1,1,715,sqft,,,98115,515000
3,2.5,1569,sqft,1553,sqft,98107,950000
2,2,1144,sqft,4850,sqft,98107,769950
4,2.5,2630,sqft,4500,sqft,98122,1340000
2,2,1115,sqft,0.96,acre,98121,1069000
2,2,980,sqft,3000,sqft,98118,849950
6,3.5,8660,sqft,0.28,acre,98102,4100000
2,2,1080,sqft,,,98144,450000
2,1,930,sqft,6000,sqft,98133,620000
2,2,1429,sqft,,,98126,855000
4,3,2190,sqft,5136,sqft,98126,860000
3,2,1160,sqft,7500,sqft,98178,566000
1,1,557,sqft,0.88,acre,98102,399950
2,2,1019,sqft,,,98119,499000
4,4,2250,sqft,6600,sqft,98106,1070000
2,2,995,sqft,5000,sqft,98144,850000
1,1,615,sqft,,,98199,315000
3,2.5,3560,sqft,5000,sqft,98116,1575000
3,2.5,2470,sqft,4452,sqft,98126,800000
2,1,1060,sqft,8908,sqft,98125,700000
5,3,2320,sqft,0.27,acre,98168,560000
2,2,1042,sqft,1615,sqft,98144,630000
3,2.5,1861,sqft,,,98121,1395000
2,2,1200,sqft,8000,sqft,98199,519000
2,2,1400,sqft,,,98119,1295000
4,3.5,4990,sqft,0.25,acre,98112,4815000
5,3,2030,sqft,5046,sqft,98144,905000
2,2,1213,sqft,,,98116,800000
3,3,2360,sqft,6600,sqft,98117,1775000
4,5.5,2867,sqft,4983,sqft,98115,1750000
1,1,596,sqft,,,98109,445000
5,3,2777,sqft,7026,sqft,98125,1338600
3,2.5,1220,sqft,1136,sqft,98118,618000
2,1,940,sqft,3300,sqft,98118,550000
4,2,2820,sqft,4764,sqft,98117,1441000
2,2.5,1344,sqft,1110,sqft,98122,770000
2,2,877,sqft,,,98115,415000
3,2,1049,sqft,,,98112,900000
1,1,616,sqft,0.35,acre,98101,399900
1,1,250,sqft,250,acre,98103,159000
1,1,794,sqft,,,98101,516000
2,2,1125,sqft,,,98102,705000
1,1,515,sqft,,,98116,309000
4,3.5,1989,sqft,1607,sqft,98117,980000
3,1,1070,sqft,3840,sqft,98117,575000
2,1.5,870,sqft,938,sqft,98115,700000
1,1,701,sqft,,,98115,315000
4,2.5,3680,sqft,7000,sqft,98118,1880000
2,2,954,sqft,0.33,acre,98133,380000
4,3,2050,sqft,4362,sqft,98136,920000
2,2,900,sqft,8000,sqft,98122,590000
2,2,1387,sqft,,,98116,649000
6,3,2440,sqft,8000,sqft,98144,925000
3,2,1550,sqft,6720,sqft,98199,1100000
4,2,2510,sqft,5460,sqft,98115,1025000
2,2,1586,sqft,,,98101,1460000
4,2.5,2130,sqft,6250,sqft,98136,960000
4,2.5,3060,sqft,4590,sqft,98115,1450000
3,2,1770,sqft,3349,sqft,98146,805000
3,1,1920,sqft,9399,sqft,98117,725000
3,3,2247,sqft,866,sqft,98109,1725000
4,1,1740,sqft,6000,sqft,98119,925000
4,2,1920,sqft,0.41,acre,98118,1210000
5,2,2300,sqft,3315,sqft,98105,1266000
3,3.5,1360,sqft,,,98103,700000
1,1,852,sqft,,,98107,430000
1,1,777,sqft,4.06,acre,98146,244950
2,2,1050,sqft,,,98103,480000
2,2,1734,sqft,,,98109,725000
5,4.5,3636,sqft,6180,sqft,98115,2840000
2,2,834,sqft,,,98126,351000
4,2,1660,sqft,2280,sqft,98103,1127500
4,2,1840,sqft,3760,sqft,98103,825000
2,1,1240,sqft,5038,sqft,98126,750000
3,2,1413,sqft,1,acre,98103,1099970
3,2,2100,sqft,7800,sqft,98136,845000
3,2.5,1563,sqft,1950,sqft,98118,839950
3,2.5,2260,sqft,4000,sqft,98103,1406000
2,1,780,sqft,8184,sqft,98118,675000
2,1,1150,sqft,7425,sqft,98118,575000
3,2.5,1870,sqft,837,sqft,98117,890000
3,0.5,1941,sqft,3726,sqft,98103,892700
3,1.5,1430,sqft,8992,sqft,98168,438000
4,3.5,2011,sqft,2421,sqft,98136,1130000
3,3,1550,sqft,1400,sqft,98115,950000
4,3,2440,sqft,8556,sqft,98199,1850000
3,2,2029,sqft,9.2,acre,98115,685000
3,3.5,1370,sqft,982,sqft,98117,699500
2,1,670,sqft,4500,sqft,98106,490000
3,2.5,1346,sqft,1270,sqft,98107,899000
3,2,1270,sqft,0.26,acre,98146,590000
3,2,2600,sqft,4200,sqft,98144,1525000
4,3,1810,sqft,5850,sqft,98116,1118000
3,2.5,1740,sqft,1389,sqft,98102,1678000
3,7,2190,sqft,5504,sqft,98112,1868000
3,1.5,1280,sqft,9100,sqft,98146,625000
3,2,1800,sqft,3993,sqft,98177,1050000
5,4,3030,sqft,5200,sqft,98108,1250000
4,5,2240,sqft,5624,sqft,98108,965000
3,2.5,1520,sqft,741,sqft,98108,565000
2,2,875,sqft,,,98115,420000
2,1,730,sqft,6200,sqft,98105,25000000
1,1.5,1285,sqft,0.96,acre,98121,1250000
6,5,3620,sqft,5500,sqft,98119,1420000
3,1,940,sqft,4850,sqft,98136,500000
2,1,1201,sqft,5000,sqft,98126,605000
3,3.5,1500,sqft,1182,sqft,98103,700000
3,3.5,1680,sqft,1486,sqft,98126,675000
3,3.5,2206,sqft,1500,sqft,98103,1116000
3,1,1070,sqft,6567,sqft,98178,580000
1,1,774,sqft,,,98146,265000
3,2,1514,sqft,990,sqft,98107,915000
4,3.5,2304,sqft,4503,sqft,98103,1550000
1,1,707,sqft,0.26,acre,98122,590000
2,1,648,sqft,4997,sqft,98107,430000
3,3,1880,sqft,2200,sqft,98107,999950
3,3,1540,sqft,1044,sqft,98115,800000
4,2,2270,sqft,3600,sqft,98119,1335000
2,2,1030,sqft,,,98122,575000
1,1,804,sqft,,,98116,425000
1,1,1270,sqft,5640,sqft,98108,915000
2,2,1128,sqft,,,98136,479950
2,1,976,sqft,2064,sqft,98106,475000
2,1,980,sqft,0.32,acre,98168,475000
3,2.5,1573,sqft,1243,sqft,98107,1099950
2,1,1480,sqft,4600,sqft,98126,720000
3,2.5,1010,sqft,570,sqft,98118,615000
3,3,1687,sqft,1,acre,98115,1035000
2,1,1150,sqft,6340,sqft,98136,845714
4,1.5,2140,sqft,6511,sqft,98125,700500
4,2,1910,sqft,6000,sqft,98168,630000
2,3.5,1155,sqft,,,98118,219700
4,3.5,3300,sqft,6840,sqft,98125,1575000
4,2.5,2500,sqft,4046,sqft,98117,1295000
1,1,648,sqft,,,98115,515000
2,2,1138,sqft,,,98126,515000
4,2,2240,sqft,5043,sqft,98106,750000
2,1.5,1131,sqft,1,acre,98144,699950
2,2,1163,sqft,583,sqft,98117,648800
3,2,2164,sqft,4000,sqft,98117,800000
2,2.5,1460,sqft,1536,sqft,98106,599950
4,2,2178,sqft,6800,sqft,98133,880000
1,1,376,sqft,0.23,acre,98199,1000000
1,1,707,sqft,4.66,acre,98133,325000
3,1.5,1880,sqft,6215,sqft,98125,749000
2,1.5,1366,sqft,,,98116,839000
4,1,1720,sqft,2835,sqft,98122,543750
2,2,968,sqft,656,sqft,98103,700000
2,2,1369,sqft,,,98116,720000
3,2,1749,sqft,1149,sqft,98125,699950
2,2,1217,sqft,1331,sqft,98199,787950
4,5.5,2410,sqft,9000,sqft,98146,1500000
3,1,1000,sqft,9856,sqft,98136,750000
4,3.5,2720,sqft,7598,sqft,98115,1395000
2,2,1840,sqft,5000,sqft,98122,1200000
5,3.5,3930,sqft,7650,sqft,98133,1800000
14,5,3884,sqft,4968,sqft,98106,1300000
4,2,3325,sqft,6000,sqft,98199,1650000
2,2,1149,sqft,564,sqft,98115,730000
4,3,2288,sqft,6550,sqft,98126,1105000
3,1,1800,sqft,0.27,acre,98168,549000
2,2,970,sqft,,,98102,634400
3,2,2050,sqft,5000,sqft,98109,1265000
2,1,870,sqft,6554,sqft,98118,555000
2,1,1027,sqft,,,98115,300000
3,3.5,2480,sqft,2400,sqft,98119,1795000
2,1.5,1340,sqft,4342,sqft,98115,675000
3,2,1540,sqft,993,sqft,98122,900000
3,3,1524,sqft,513,sqft,98122,850000
4,2,1750,sqft,6380,sqft,98115,855000
1,1,626,sqft,2.63,acre,98115,275000
2,1,740,sqft,7500,sqft,98126,553500
2,2.5,1330,sqft,856,sqft,98105,699950
4,3.5,3057,sqft,7650,sqft,98117,1800000
1,2,1137,sqft,,,98119,930000
4,2.5,2890,sqft,3060,sqft,98115,1650000
3,2,1711,sqft,1171,sqft,98125,675500
3,2,1678,sqft,1191,sqft,98103,1160000
4,2.5,3707,sqft,8100,sqft,98177,2100000
3,2,1516,sqft,5000,sqft,98116,1150000
3,1.5,1630,sqft,6615,sqft,98115,895000
3,1.5,1060,sqft,6765,sqft,98178,535000
2,1.5,806,sqft,4001,sqft,98106,510000
2,1.5,1022,sqft,1,acre,98144,729000
3,1,910,sqft,0.35,acre,98106,650000
2,2.5,1550,sqft,1131,sqft,98122,1051500
3,1.5,1540,sqft,6300,sqft,98126,689000
2,1.5,1480,sqft,6000,sqft,98118,948800
3,2,1498,sqft,1238,sqft,98122,935000
3,1,910,sqft,7242,sqft,98168,480000
1,1,589,sqft,,,98121,375000
2,1.5,1115,sqft,745,sqft,98107,745000
2,2.5,1124,sqft,1354,sqft,98115,799950
4,5.5,3000,sqft,5520,sqft,98126,1484000
4,3,2570,sqft,4480,sqft,98105,1555000
5,2,4190,sqft,8500,sqft,98119,2300000
3,2,1470,sqft,1232,sqft,98136,875000
5,3,3450,sqft,3920,sqft,98109,1981000
2,1.5,1150,sqft,1262,sqft,98125,590000
4,2.5,2474,sqft,2970,sqft,98115,1725000
1,1,677,sqft,0.68,acre,98115,270000
2,2.5,2282,sqft,2.75,acre,98168,475000
3,2,1220,sqft,1,acre,98107,824900
2,2,900,sqft,2041,sqft,98102,1650000
1,1,627,sqft,1.06,acre,98107,429000
1,1,690,sqft,,,98133,290000
5,3,1790,sqft,0.23,acre,98125,964000
2,1.5,1020,sqft,1249,sqft,98102,765000
6,3,2350,sqft,8800,sqft,98118,850000
3,2,1630,sqft,6000,sqft,98168,630000
4,2.5,2560,sqft,6582,sqft,98116,1712000
3,2.5,2304,sqft,5000,sqft,98117,1100000
3,2,2350,sqft,7320,sqft,98178,888000
3,1.5,2120,sqft,3880,sqft,98105,865000
2,3,1840,sqft,9420,sqft,98125,800000
3,3,1425,sqft,1199,sqft,98177,819950
4,3,2478,sqft,4001,sqft,98105,2095000
2,2,1353,sqft,,,98115,785000
3,2,2462,sqft,3200,sqft,98119,1150000
2,2,1415,sqft,,,98125,469000
2,2.5,1088,sqft,5500,sqft,98107,835000
1,1,650,sqft,,,98116,349000
1,1,582,sqft,0.5,acre,98109,360000
2,2.5,840,sqft,846,sqft,98144,629000
2,1,950,sqft,4300,sqft,98144,337000
4,2.5,1881,sqft,1881,sqft,98133,870000
3,4,2220,sqft,974,sqft,98109,1650000
5,2,2420,sqft,4080,sqft,98117,960000
2,2,993,sqft,0.24,acre,98103,709600
1,1,830,sqft,5100,sqft,98103,695000
2,1,1440,sqft,6090,sqft,98125,699950
4,3,2980,sqft,4480,sqft,98105,1090000
1,1,783,sqft,,,98101,530000
4,2.5,2840,sqft,4480,sqft,98105,1200000
2,2.5,1040,sqft,990,sqft,98117,705000
3,2,2495,sqft,4000,sqft,98105,1250000
3,2.5,1550,sqft,1131,sqft,98122,1065000
2,1.5,950,sqft,1,acre,98103,1270000
2,2.5,1538,sqft,900,sqft,98105,895000
2,2,1150,sqft,2462,sqft,98107,725000
3,3,1760,sqft,8160,sqft,98125,670000
3,2.5,1540,sqft,1037,sqft,98122,852500
1,1,540,sqft,0.35,acre,98104,335000
2,2.5,1448,sqft,0.54,acre,98103,1325000
4,3,1680,sqft,3080,sqft,98117,905000
3,3.5,1300,sqft,1994,sqft,98106,583000
4,2.5,2320,sqft,5001,sqft,98118,820000
3,2,1470,sqft,2226,sqft,98106,600000
2,1,2380,sqft,6061,sqft,98108,640000
4,2.5,2780,sqft,8967,sqft,98136,1530000
2,2,1523,sqft,,,98121,1425000
2,2,1695,sqft,,,98126,1150000
2,2,1245,sqft,4.11,acre,98168,330000
3,1,2200,sqft,5000,sqft,98105,1250000
1,1,722,sqft,,,98112,452100
3,2,1830,sqft,5850,sqft,98126,835000
1,1,816,sqft,,,98109,560000
2,2,795,sqft,,,98103,590000
1,1,527,sqft,,,98122,399000
2,2.5,1400,sqft,824,sqft,98102,1062500
5,6.5,6240,sqft,6750,sqft,98115,3122000
9,5,3940,sqft,5303,sqft,98133,1089000
3,1,1810,sqft,0.24,acre,98178,512000
1,1,522,sqft,5000,sqft,98107,325000
4,2.5,2370,sqft,3600,sqft,98146,750000
4,2,2500,sqft,4414,sqft,98144,972500
4,2.5,2320,sqft,9500,sqft,98108,1001000
2,2,1020,sqft,776,sqft,98118,605000
4,2,1680,sqft,7840,sqft,98178,517500
3,1,1450,sqft,7200,sqft,98115,1125000
2,2,1100,sqft,698,sqft,98107,749000
4,2.5,3190,sqft,5500,sqft,98102,1820000
3,2,1670,sqft,5400,sqft,98118,485000
3,1,980,sqft,4200,sqft,98119,700000
1,1,664,sqft,,,98102,305000
1,1,722,sqft,,,98118,299900
5,2,1830,sqft,5220,sqft,98118,665000
3,3.5,1670,sqft,,,98178,600000
2,2,1878,sqft,,,98119,1171600
3,2.5,2040,sqft,3298,sqft,98136,1200000
4,3,2160,sqft,6298,sqft,98125,980000
2,2,1893,sqft,9.2,acre,98115,727000
3,1.5,1870,sqft,9975,sqft,98168,500000
3,3.5,1621,sqft,987,sqft,98109,1085000
2,1.5,1120,sqft,966,sqft,98103,605000
2,1,1280,sqft,2690,sqft,98118,859000
1,1,594,sqft,0.39,acre,98105,405000
4,3.5,2400,sqft,3060,sqft,98103,1750000
4,2.5,3080,sqft,0.3,acre,98117,1650000
5,2.5,3460,sqft,7464,sqft,98144,2425000
3,2.5,1670,sqft,,,98178,600000
3,2,1758,sqft,1350,sqft,98103,1130000
4,3.5,2910,sqft,3491,sqft,98115,2325000
1,1,510,sqft,,,98104,308000
1,2,966,sqft,,,98121,640000
4,3,3090,sqft,0.34,acre,98168,210000
3,2,1540,sqft,1102,sqft,98144,630000
2,2.5,1701,sqft,1827,sqft,98112,1354000
3,1,1964,sqft,9050,sqft,98168,625000
4,1,1850,sqft,4500,sqft,98118,600000
4,2.5,2550,sqft,5000,sqft,98115,1560000
3,1.5,1250,sqft,0.27,acre,98178,552000
3,1,1300,sqft,3520,sqft,98109,1000000
2,2.5,1884,sqft,0.27,acre,98116,925000
2,1,830,sqft,6180,sqft,98103,942000
4,2.5,2213,sqft,3367,sqft,98107,1075000
3,2.5,1500,sqft,1056,sqft,98103,1070000
2,2.5,1649,sqft,,,98118,765000
2,2.5,840,sqft,897,sqft,98118,612500
3,2,2060,sqft,3090,sqft,98118,700000
5,3.5,4397,sqft,6800,sqft,98105,3400000
2,1,760,sqft,3072,sqft,98144,250000
2,1,970,sqft,,,98116,480000
3,1.5,1350,sqft,1193,sqft,98107,750000
4,1,1530,sqft,6250,sqft,98117,740000
2,2,1170,sqft,588,sqft,98144,624999
1,2,1009,sqft,,,98116,525000
2,2,878,sqft,,,98121,675000
2,1,808,sqft,,,98115,422500
4,3,1620,sqft,3380,sqft,98117,950000
3,1.5,1240,sqft,5000,sqft,98117,850000
3,2,1565,sqft,2500,sqft,98103,985000
5,4.5,4693,sqft,0.24,acre,98122,2650000
3,2,1360,sqft,8100,sqft,98125,850000
3,2.5,1047,sqft,680,sqft,98144,720000
2,1,1260,sqft,7440,sqft,98133,626000
2,2,1021,sqft,,,98101,981250
2,3,1260,sqft,3920,sqft,98117,770000
2,2,1372,sqft,900,sqft,98125,649950
4,5.5,4040,sqft,8965,sqft,98105,5495000
4,3.5,1964,sqft,,,98115,1180000
2,2,1353,sqft,,,98115,770000
3,2.5,2131,sqft,1036,sqft,98119,1520000
1,1,1100,sqft,747,sqft,98107,745000
3,2.5,1660,sqft,2700,sqft,98122,816750
4,2,1345,sqft,2808,sqft,98103,962000
1,1,808,sqft,,,98164,560000
2,2,1042,sqft,,,98102,610000
2,2,1410,sqft,0.25,acre,98112,880000
2,2,1200,sqft,1948,sqft,98125,620000
2,1,2520,sqft,5000,sqft,98122,810000
4,2,2440,sqft,2168,sqft,98122,1060000
4,2,2870,sqft,2.27,acre,98168,703500
3,2.5,1610,sqft,1500,sqft,98119,875000
2,2,1092,sqft,5500,sqft,98122,829000
1,1,514,sqft,,,98122,345000
2,1.5,1000,sqft,1000,sqft,98117,640000
3,2.5,1600,sqft,695,sqft,98144,699900
3,2,2770,sqft,7770,sqft,98115,700000
2,1,2060,sqft,6000,sqft,98106,525000
5,2,2100,sqft,6000,sqft,98108,599950
1,1,815,sqft,0.48,acre,98121,465000
2,2,1180,sqft,792,sqft,98106,527000
3,3,1608,sqft,2039,sqft,98126,625000
4,2,2220,sqft,9295,sqft,98177,995000
5,3,3820,sqft,7980,sqft,98116,1575000
3,2,2437,sqft,6500,sqft,98118,1275000
3,3.5,2650,sqft,8500,sqft,98136,1095000
2,2.5,1159,sqft,5250,sqft,98122,885000
3,2.5,1710,sqft,4814,sqft,98115,1190000
2,1.5,1370,sqft,938,sqft,98115,700000
3,1,1380,sqft,4080,sqft,98117,890000
2,2,1170,sqft,588,sqft,98144,625000
2,2,1020,sqft,776,sqft,98118,605000
1,1,712,sqft,,,98109,385000
3,3.5,2570,sqft,4094,sqft,98105,2000000
1,1,916,sqft,,,98121,652500
3,3,1970,sqft,8540,sqft,98177,1395000
1,1,580,sqft,,,98122,475000
1,1,880,sqft,4500,sqft,98122,700000
4,2.5,2220,sqft,3770,sqft,98144,1235000
7,6,7636,sqft,8625,sqft,98103,2225000
2,2,1554,sqft,9.2,acre,98115,660000
3,2,1760,sqft,4000,sqft,98106,689000
2,2,875,sqft,901,sqft,98116,656500
5,2.5,4639,sqft,8036,sqft,98112,3350000
2,1,1290,sqft,1875,sqft,98103,640000
4,2.5,2730,sqft,5724,sqft,98146,1175000
3,2.5,1520,sqft,1062,sqft,98106,540700
2,1.5,1131,sqft,1,acre,98144,685000
3,1,2160,sqft,5100,sqft,98115,920000
1,1,630,sqft,0.24,acre,98146,459000
3,3,1250,sqft,6350,sqft,98117,815000
2,2,916,sqft,,,98121,760000
1,1,571,sqft,0.58,acre,98121,331000
2,1.5,1054,sqft,,,98109,709000
3,1,1340,sqft,6223,sqft,98117,765000
4,2,2740,sqft,6000,sqft,98119,1400000
2,1.5,1320,sqft,6080,sqft,98116,810000
4,3,2700,sqft,8360,sqft,98199,1100000
3,3,1650,sqft,1376,sqft,98103,974999
1,1,813,sqft,,,98178,240000
1,1,980,sqft,3700,sqft,98106,485000
2,2,2170,sqft,5250,sqft,98116,893000
2,3,1740,sqft,4148,sqft,98105,1395000
2,1.5,1076,sqft,1060,sqft,98125,549000
4,2.5,2340,sqft,9670,sqft,98106,870000
2,5.5,1320,sqft,1250,sqft,98144,679950
2,1,1113,sqft,,,98102,595000
4,3,2970,sqft,4000,sqft,98102,1950000
3,1,996,sqft,2588,sqft,98125,560000
2,2,1200,sqft,1247,sqft,98122,699950
3,2.5,1360,sqft,916,sqft,98112,805000
4,3,2320,sqft,4640,sqft,98112,1472500
2,1.5,888,sqft,,,98103,700000
3,2,1380,sqft,2909,sqft,98117,800000
4,3.5,4350,sqft,7000,sqft,98136,2000000
1,1,773,sqft,,,98102,425000
3,2,1470,sqft,1348,sqft,98107,933500
3,3.5,2106,sqft,1785,sqft,98115,1266000
2,2,1889,sqft,9601,sqft,98112,2750000
4,2.5,1354,sqft,,,98118,485000
4,3.5,3590,sqft,4000,sqft,98109,2900000
2,2,804,sqft,5000,sqft,98107,465600
2,1,850,sqft,6000,sqft,98118,580000
9,9,3780,sqft,5020,sqft,98119,1210000
2,2,1065,sqft,,,98126,430000
3,3,1790,sqft,7286,sqft,98125,755000
3,2,2740,sqft,8340,sqft,98177,1305000
3,1,1060,sqft,4000,sqft,98117,1125000
4,2,2340,sqft,4560,sqft,98103,1800000
3,2,2390,sqft,0.25,acre,98133,1150000
3,1,1320,sqft,6250,sqft,98168,529000
3,2,1800,sqft,3172,sqft,98117,1130000
4,3.5,2640,sqft,3062,sqft,98103,1750000
3,2,1286,sqft,870,sqft,98136,738000
3,2,1170,sqft,979,sqft,98144,740000
3,3,1524,sqft,513,sqft,98122,875000
3,2.5,1690,sqft,7200,sqft,98125,807500
3,3.5,3036,sqft,,,98121,3250000
3,1.5,1570,sqft,3880,sqft,98117,975000
4,3.5,2336,sqft,2392,sqft,98115,975000
1,1,610,sqft,0.59,acre,98119,340000
1,1,534,sqft,,,98178,223000
4,3.5,2600,sqft,3900,sqft,98122,2225000
2,1,2110,sqft,8160,sqft,98146,376000
4,3.5,2720,sqft,3024,sqft,98102,1750000
3,3.5,1450,sqft,1081,sqft,98118,580000
2,1.5,1720,sqft,1588,sqft,98144,725000
3,1,1660,sqft,4349,sqft,98115,749900
1,1,605,sqft,,,98103,370000
4,2.5,2190,sqft,4590,sqft,98136,1075000
4,2,2245,sqft,7892,sqft,98178,775000
1,1,647,sqft,7197,sqft,98102,377500
4,4.5,2440,sqft,5000,sqft,98105,1900000
2,1,1760,sqft,4264,sqft,98126,550000
3,2,1608,sqft,1568,sqft,98103,732000
3,2.5,1370,sqft,982,sqft,98117,699500
5,3,3060,sqft,6250,sqft,98116,950000
3,2,2630,sqft,9702,sqft,98117,1290000
3,2,2700,sqft,0.37,acre,98178,734000
6,3,3020,sqft,0.75,acre,98178,775000
3,4,1580,sqft,1086,sqft,98144,825000
2,1,850,sqft,4000,sqft,98144,778000
2,1.5,805,sqft,5000,sqft,98107,500000
2,1.5,860,sqft,1154,sqft,98122,734950
1,1,510,sqft,,,98102,302500
4,4,3463,sqft,4304,sqft,98112,2050000
3,2,1720,sqft,6720,sqft,98116,869000
1,1,376,sqft,0.23,acre,98199,1000000
5,2.5,2900,sqft,0.23,acre,98106,800000
3,3.5,1644,sqft,,,98112,820000
4,3,2250,sqft,5250,sqft,98115,1150000
5,4,2810,sqft,5000,sqft,98103,1295000
3,2.5,1395,sqft,1418,sqft,98116,725000
3,2.5,2080,sqft,5160,sqft,98116,1200000
2,2,1188,sqft,,,98102,1350000
1,1,750,sqft,,,98199,375000
1,1,594,sqft,,,98103,360000
6,4,2960,sqft,3796,sqft,98199,1050000
3,1,1460,sqft,5856,sqft,98115,880000
3,1,1120,sqft,6096,sqft,98106,615000
3,2.5,1420,sqft,1873,sqft,98103,890000
4,2,1730,sqft,8100,sqft,98146,852000
3,2,1640,sqft,5145,sqft,98106,700000
1,1,760,sqft,,,98119,309000
2,2.5,1736,sqft,,,98122,970000
5,3,2055,sqft,4000,sqft,98122,1100000
4,3,2067,sqft,1,acre,98122,1074900
4,3.5,2670,sqft,3405,sqft,98118,1022700
4,2,2240,sqft,6240,sqft,98126,795000
2,3,970,sqft,593,sqft,98102,769900
4,2,2840,sqft,5750,sqft,98126,1175000
2,1,1080,sqft,6000,sqft,98118,650000
2,2,2340,sqft,6802,sqft,98105,1398000
3,3.5,2996,sqft,5219,sqft,98115,2050000
5,3.5,3590,sqft,0.36,acre,98136,2350000
3,2.5,1380,sqft,1464,sqft,98126,523750
1,1,705,sqft,,,98103,490000
3,2.5,1670,sqft,1304,sqft,98144,875000
4,3.5,3340,sqft,6300,sqft,98144,2100000
3,2,1455,sqft,1,acre,98117,959822
2,3,1276,sqft,1187,sqft,98106,520000
2,1,900,sqft,6150,sqft,98126,480000
2,2,1469,sqft,1762,sqft,98115,900000
3,2.5,1820,sqft,1,acre,98118,690000
1,1,750,sqft,,,98116,420000
3,2.5,1360,sqft,1248,sqft,98103,700000
1,1,889,sqft,,,98121,723000
3,1,1340,sqft,7669,sqft,98177,785000
1,1,756,sqft,,,98121,550000
4,3.5,2795,sqft,6400,sqft,98122,1740000
2,1.5,960,sqft,8057,sqft,98199,515000
1,1,620,sqft,6090,sqft,98178,524950
3,2,1606,sqft,900,sqft,98109,1450000
1,1,758,sqft,,,98103,469000
2,2.5,820,sqft,1293,sqft,98126,525000
3,1,1100,sqft,4120,sqft,98106,468000
4,4,2120,sqft,6000,sqft,98136,900000
4,2,2591,sqft,6900,sqft,98125,800000
3,1.5,1550,sqft,8070,sqft,98133,835000
2,1,760,sqft,8686,sqft,98115,775000
2,2.5,2803,sqft,,,98101,2320000
1,1,744,sqft,,,98115,345000
1,1,531,sqft,,,98121,489000
4,4,2030,sqft,5400,sqft,98115,1349000
2,2,1503,sqft,6250,sqft,98108,729000
4,2,2040,sqft,4178,sqft,98112,1175000
3,2,2160,sqft,4590,sqft,98115,825000
1,1,704,sqft,500,sqft,98144,645000
3,2,1120,sqft,5518,sqft,98106,600000
1,1,704,sqft,1,acre,98144,519950
4,2,1870,sqft,5280,sqft,98199,1040000
2,1,1860,sqft,2526,sqft,98105,898000
3,2,1960,sqft,3300,sqft,98103,865000
2,1,970,sqft,0.35,acre,98106,386000
4,3.5,5690,sqft,7469,sqft,98112,3630000
3,3,1390,sqft,5000,sqft,98126,1095000
2,2,1470,sqft,1094,sqft,98126,718000
2,2,1319,sqft,794,sqft,98107,838000
4,3,3030,sqft,6960,sqft,98115,1119000
4,3,2740,sqft,5616,sqft,98115,1220000
3,2.5,1380,sqft,2250,sqft,98106,590000
3,2.5,3100,sqft,4120,sqft,98112,2610000
1,1,507,sqft,,,98101,460000
2,1,860,sqft,6678,sqft,98116,750000
5,3.5,3220,sqft,4640,sqft,98103,820000
2,2,1391,sqft,0.34,acre,98109,860000
3,3.5,1800,sqft,1563,sqft,98103,1050000
3,2.5,2230,sqft,7944,sqft,98178,555000
1,1,557,sqft,,,98102,370000
2,1,700,sqft,4000,sqft,98117,800000
4,3,3020,sqft,3254,sqft,98106,1499000
3,2,1460,sqft,4590,sqft,98117,888000
2,1,1915,sqft,5077,sqft,98133,725000
3,1.5,998,sqft,904,sqft,98117,610000
4,4.5,5200,sqft,7653,sqft,98118,2600000
3,2.5,1730,sqft,2757,sqft,98125,800000
4,3,2040,sqft,6348,sqft,98103,940000
3,2,2840,sqft,5196,sqft,98199,1400000
2,1,925,sqft,,,98103,535000
3,3.5,1970,sqft,1125,sqft,98105,868500
3,2.5,1573,sqft,1255,sqft,98107,1030000
3,2,2100,sqft,5750,sqft,98116,1325000
2,1.5,1290,sqft,1332,sqft,98115,795000
3,3.5,2530,sqft,1880,sqft,98102,1299000
2,1.5,1035,sqft,,,98112,656500
2,1.5,1024,sqft,,,98115,495000
2,1,1130,sqft,4388,sqft,98199,1180000
3,2.5,1430,sqft,1102,sqft,98103,855000
4,3.5,2336,sqft,,,98115,1080000
4,2.5,1760,sqft,2670,sqft,98144,925000
1,1,683,sqft,,,98121,601000
2,1,868,sqft,,,98144,415000
3,3.5,1510,sqft,1239,sqft,98103,660000
1,1,699,sqft,4.27,acre,98115,335000
1,1,533,sqft,,,98126,300000
4,1.5,3030,sqft,5400,sqft,98112,1500000
2,1,730,sqft,5150,sqft,98106,545000
1,1,782,sqft,,,98101,519990
3,3.5,1660,sqft,1228,sqft,98144,765000
2,2,877,sqft,2.63,acre,98115,415000
2,2,1073,sqft,,,98133,429900
4,4.5,3960,sqft,7025,sqft,98144,2485000
3,3.5,3380,sqft,7531,sqft,98177,1599500
5,3,2900,sqft,3600,sqft,98112,1450000
4,3,2650,sqft,6380,sqft,98115,1511000
3,4.5,1710,sqft,1326,sqft,98126,725000
3,2,1440,sqft,9065,sqft,98133,830000
4,3,2860,sqft,4182,sqft,98103,1600000
2,2,840,sqft,1452,sqft,98116,645000
3,2.5,1616,sqft,,,98116,990000
2,2.5,1138,sqft,3.97,acre,98126,515000
1,1,761,sqft,,,98109,400000
1,1,627,sqft,0.34,acre,98101,335000
2,2,850,sqft,6120,sqft,98115,889900
2,1,740,sqft,6300,sqft,98126,500000
2,1,672,sqft,0.28,acre,98168,373000
5,3,3590,sqft,6900,sqft,98117,1700000
2,1,1410,sqft,6180,sqft,98118,799000
3,2.5,1190,sqft,1290,sqft,98144,750000
2,2,840,sqft,1177,sqft,98144,725000
3,1,1120,sqft,7407,sqft,98178,708000
4,2.5,1939,sqft,2499,sqft,98107,1025000
4,2.5,1544,sqft,2352,sqft,98117,850000
1,1,820,sqft,5100,sqft,98118,530000
5,3,2480,sqft,5100,sqft,98117,1135000
1,1,543,sqft,1.21,acre,98121,425000
4,3,2200,sqft,5586,sqft,98118,874999
5,3,2170,sqft,6650,sqft,98168,740000
3,3,1086,sqft,0.37,acre,98144,539950
4,3.5,4194,sqft,5400,sqft,98112,3500000
5,4,3240,sqft,8820,sqft,98199,1825000
4,3,3110,sqft,5715,sqft,98119,1500000
4,3,2380,sqft,4635,sqft,98115,1399999
2,1.5,1390,sqft,746,sqft,98107,759950
4,3.5,2560,sqft,4080,sqft,98144,1325000
3,1,1730,sqft,4200,sqft,98103,900000
1,1,531,sqft,,,98121,396000
5,6,6990,sqft,4703,sqft,98103,1880000
5,3.5,2966,sqft,1,acre,98126,1263500
3,2.5,1860,sqft,1063,sqft,98103,1025000
2,2,1644,sqft,,,98101,2250000
4,2,2425,sqft,5500,sqft,98105,1295000
2,1,910,sqft,4800,sqft,98117,825000
1,1,750,sqft,5750,sqft,98116,725000
4,1.5,2770,sqft,3038,sqft,98119,850000
5,3.5,4060,sqft,3400,sqft,98116,2888000
3,3.5,1980,sqft,1659,sqft,98144,1055000
4,2,2570,sqft,4800,sqft,98103,1495000
3,3.5,3880,sqft,0.29,acre,98199,2500000
3,2,1840,sqft,3880,sqft,98117,959630
3,2,1660,sqft,6120,sqft,98115,795000
3,2.5,2080,sqft,9880,sqft,98117,977000
3,2,3190,sqft,4380,sqft,98112,2700000
4,2,2400,sqft,8160,sqft,98177,900000
2,1,680,sqft,8795,sqft,98125,625000
3,3,1720,sqft,8370,sqft,98177,865000
2,2,940,sqft,585,sqft,98115,579000
2,2,1350,sqft,815,sqft,98119,1035000
1,2,1141,sqft,0.41,acre,98122,699950
4,2,2390,sqft,5535,sqft,98105,1195000
4,2.5,1620,sqft,6120,sqft,98126,849950
2,1.5,940,sqft,1740,sqft,98144,640000
3,2,1894,sqft,2340,sqft,98144,697000
2,1,807,sqft,,,98103,525000
3,1,1030,sqft,4480,sqft,98105,710000
3,2.5,1510,sqft,2656,sqft,98133,717500
4,3,2040,sqft,3783,sqft,98107,950000
5,3.5,3700,sqft,7581,sqft,98122,2075000
5,3.5,3820,sqft,7200,sqft,98118,1350000
3,2,1240,sqft,5400,sqft,98117,705000
3,2,1890,sqft,6808,sqft,98106,700000
4,3.5,3930,sqft,4000,sqft,98102,2925000
1,1,630,sqft,0.35,acre,98104,335000
5,4,2447,sqft,3100,sqft,98117,1500000
3,3,2160,sqft,6710,sqft,98118,1300000
4,2,1710,sqft,3250,sqft,98117,1170000
2,1.5,822,sqft,,,98144,400000
3,2,1806,sqft,4400,sqft,98126,799000
3,2,1482,sqft,1085,sqft,98117,919000
4,3,1960,sqft,5200,sqft,98136,1270000
2,2.5,1710,sqft,962,sqft,98117,875000
2,1,1000,sqft,4640,sqft,98116,793000
3,1,1260,sqft,0.32,acre,98168,440000
3,2,1300,sqft,2250,sqft,98103,735000
3,1.5,1780,sqft,4800,sqft,98126,650000
4,2,2260,sqft,3750,sqft,98107,1330000
3,2,1548,sqft,1139,sqft,98117,850000
6,5,3300,sqft,6800,sqft,98105,3598950
2,1.5,1300,sqft,3146,sqft,98133,570288
2,1,860,sqft,4800,sqft,98108,565000
1,1,562,sqft,,,98199,285000
2,2,1425,sqft,0.42,acre,98104,899000
4,2,1450,sqft,1000,sqft,98109,1185000
1,1,857,sqft,,,98121,529000
4,3,3610,sqft,8037,sqft,98105,2330000
1,1,709,sqft,,,98109,470000
3,3,2462,sqft,2272,sqft,98117,915000
1,1,812,sqft,,,98107,480000
4,2,2910,sqft,8360,sqft,98115,1400000
3,2,2120,sqft,6009,sqft,98117,1345000
1,1,591,sqft,,,98119,434000
5,3,2970,sqft,5250,sqft,98117,1225000
9,5,3014,sqft,7908,sqft,98178,835000
1,1,567,sqft,,,98144,451000
2,1,1660,sqft,4800,sqft,98109,850000
1,1,889,sqft,,,98121,648888
3,3.5,1730,sqft,,,98117,975000
3,2.5,1813,sqft,,,98116,1275000
2,1,904,sqft,,,98122,520000
3,3,2320,sqft,9465,sqft,98125,675000
3,2,1328,sqft,839,sqft,98103,929950
5,3,3400,sqft,0.43,acre,98168,756500
3,2,1111,sqft,719,sqft,98112,849000
3,2,1390,sqft,6656,sqft,98116,899950
2,1,720,sqft,7500,sqft,98177,600000
3,3,1530,sqft,2260,sqft,98126,745000
4,3,2360,sqft,7200,sqft,98115,1360000
2,1.5,1550,sqft,7154,sqft,98112,1550000
3,3,1190,sqft,850,sqft,98144,765000
3,2,1790,sqft,4080,sqft,98115,900000
6,7,4570,sqft,0.29,acre,98105,1950000
2,2,1367,sqft,1.98,acre,98121,1350000
3,2,1676,sqft,4828,sqft,98115,840000
2,1,860,sqft,8280,sqft,98125,675000
2,2,1433,sqft,1948,sqft,98136,750000
2,2.5,1043,sqft,990,sqft,98117,690000
3,2,1010,sqft,6300,sqft,98106,650000
3,2.5,1610,sqft,1690,sqft,98107,895000
3,2.5,1396,sqft,4800,sqft,98136,780000
2,2.5,1966,sqft,1412,sqft,98103,1495000
4,3,2230,sqft,6700,sqft,98115,1150000
2,2,1240,sqft,583,sqft,98117,710000
2,2.5,840,sqft,2891,sqft,98115,720000
1,1,696,sqft,,,98105,385000
3,2,1990,sqft,8710,sqft,98146,730000
3,3,1180,sqft,1003,sqft,98116,729000
4,3.5,1835,sqft,1750,sqft,98103,1299950
2,2,1212,sqft,,,98136,600000
3,2,1270,sqft,1333,sqft,98103,727000
3,3,2110,sqft,7324,sqft,98177,1270000
3,2,1379,sqft,3353,sqft,98125,729950
3,2,1380,sqft,815,sqft,98122,740000
2,1.5,770,sqft,850,sqft,98116,550000
5,2.5,2760,sqft,6350,sqft,98126,1025000
3,2.5,1400,sqft,1001,sqft,98136,785000
2,2,1101,sqft,1608,sqft,98115,780000
4,4,2300,sqft,5700,sqft,98115,1210000
3,1,2560,sqft,8927,sqft,98125,776000
3,3.5,2030,sqft,2500,sqft,98122,1200000
3,1.5,2440,sqft,4000,sqft,98112,1400000
3,2,1520,sqft,2185,sqft,98116,916500
3,1.5,990,sqft,4500,sqft,98122,775000
4,3.5,2191,sqft,4120,sqft,98103,1394600
2,2.5,1411,sqft,1201,sqft,98117,830000
1,1,738,sqft,,,98101,490000
3,2,1100,sqft,2700,sqft,98122,645000
3,2.5,1763,sqft,2498,sqft,98117,1135000
3,2,1560,sqft,2400,sqft,98117,1180000
1,1,945,sqft,,,98109,385000
1,1,569,sqft,,,98102,400000
3,1,980,sqft,3000,sqft,98103,500000
3,2.5,1820,sqft,1595,sqft,98103,990000
4,3,2600,sqft,6840,sqft,98115,1750000
8,4.5,3600,sqft,4360,sqft,98105,1500000
3,2.5,2910,sqft,5200,sqft,98109,1975000
3,2,1520,sqft,4000,sqft,98117,760000
3,2.5,1660,sqft,1681,sqft,98144,690000
3,2.5,1324,sqft,2217,sqft,98126,649950
3,2,1710,sqft,4267,sqft,98133,659000
1,1,603,sqft,,,98133,400000
3,2.5,2030,sqft,3999,sqft,98115,1439000
1,1,808,sqft,,,98101,730000
5,5,2510,sqft,0.27,acre,98133,1000000
2,2.5,1365,sqft,4.05,acre,98118,525000
2,2,1225,sqft,960,sqft,98115,725000
3,2.5,1520,sqft,2814,sqft,98108,818000
3,3,4010,sqft,8207,sqft,98112,3050000
2,1,670,sqft,6300,sqft,98126,510000
5,3,2120,sqft,1959,sqft,98126,750000
2,2,1060,sqft,,,98117,650000
1,1,513,sqft,0.66,acre,98121,315000
3,2,1560,sqft,1170,sqft,98117,920000
3,2,1490,sqft,1050,sqft,98107,900000
4,5,3660,sqft,0.29,acre,98118,2695000
3,3.5,1936,sqft,1770,sqft,98122,1295000
3,2,1611,sqft,4648,sqft,98107,915000
2,3,1212,sqft,0.7,acre,98136,600000
2,2,1140,sqft,2550,sqft,98117,590000
3,1,950,sqft,7320,sqft,98106,589000
2,2,839,sqft,,,98133,385000
3,3,2212,sqft,,,98109,1470000
3,1.5,1350,sqft,2497,sqft,98118,599000
3,2,1910,sqft,7500,sqft,98136,725000
2,2,1524,sqft,6250,sqft,98108,710000
1,1,908,sqft,,,98107,475000
3,1.5,2300,sqft,4100,sqft,98107,1125000
3,2.5,1460,sqft,1850,sqft,98106,575000
4,3,1500,sqft,3360,sqft,98122,1155000
4,3,1830,sqft,4000,sqft,98107,1352000
3,1.5,1220,sqft,2242,sqft,98144,660000
4,4,2550,sqft,5300,sqft,98117,1550000
2,1,711,sqft,5011,sqft,98107,485000
5,2.5,2870,sqft,8741,sqft,98168,520000
1,1,715,sqft,,,98109,500000
5,4,2030,sqft,6000,sqft,98144,670000
4,2,2634,sqft,7475,sqft,98115,1500000
6,4,2310,sqft,5012,sqft,98108,849000
1,1,773,sqft,,,98121,685000
2,1,903,sqft,4.06,acre,98146,363500
2,2,1094,sqft,5250,sqft,98122,675000
3,2,1590,sqft,8937,sqft,98106,720000
2,1,830,sqft,1980,sqft,98117,450000
